"s1","TV Show","Random Title 1","Sarah Brown","Angelina Jolie &  Tom Hanks","Australia","2022-08-17",2020,"TV-PG","1 Seasons","Drama","A random drama story about random title 1.
"
"s2","Movie","Random Title 2","John Doe","Tom Hanks & Scarlett Johansson","USA","2024-05-08",2021,"PG-13","139 min","Science Fiction","A random science fiction story about random title 2.
"
"s3","Movie","Random Title 3","Jane Smith","Chris Hemsworth & Tom Hanks","Canada","2021-07-26",2025,"PG-13","148 min","Fantasy","A random fantasy story about random title 3.
"
"s4","TV Show","Random Title 4","Sarah Brown","Angelina Jolie & Tom Hanks","USA","2021-03-15",2024,"PG","4 Seasons","Science Fiction","A random science fiction story about random title 4.
"
"s5","Movie","Random Title 5","Jane Smith","Emily Blunt & Angelina Jolie","Australia","2023-02-08",2021,"TV-14","138 min","Action","A random action story about random title 5.
"
"s6","Movie","Random Title 6","Michael Lee","Scarlett Johansson & Chris Hemsworth","Canada","2024-05-19",2024,"PG","148 min","Science Fiction","A random science fiction story about random title 6.
"
"s7","TV Show","Random Title 7","Michael Lee","Tom Hanks & Scarlett Johansson","UK","2023-07-30",2023,"PG","1 Seasons","Drama","A random drama story about random title 7.
"
"s8","TV Show","Random Title 8","John Doe","Tom Hanks & Scarlett Johansson","UK","2023-07-14",2022,"PG-13","5 Seasons","Action","A random action story about random title 8.
"
"s9","Movie","Random Title 9","Robert Green","Scarlett Johansson & Brad Pitt","France","2023-08-28",2023,"PG-13","130 min","Drama","A random drama story about random title 9.
"
"s10","TV Show","Random Title 10","Michael Lee","Tom Hanks & Brad Pitt","USA","2022-09-19",2025,"R","2 Seasons","Science Fiction","A random science fiction story about random title 10.
"
"s11","TV Show","Random Title 11","Robert Green","Tom Hanks & Chris Hemsworth","UK","2022-07-31",2025,"TV-PG","3 Seasons","Science Fiction","A random science fiction story about random title 11.
"
"s12","TV Show","Random Title 12","Robert Green","Brad Pitt & Tom Hanks","Australia","2024-01-17",2022,"PG","4 Seasons","Action","A random action story about random title 12.
"
"s13","TV Show","Random Title 13","Michael Lee","Chris Hemsworth & Brad Pitt","Australia","2020-02-11",2021,"PG-13","1 Seasons","Thriller","A random thriller story about random title 13.
"
"s14","Movie","Random Title 14","Sarah Brown","Chris Hemsworth & Emily Blunt","USA","2020-08-24",2021,"TV-PG","130 min","Thriller","A random thriller story about random title 14.
"
"s15","Movie","Random Title 15","Sarah Brown","Angelina Jolie & Emily Blunt","USA","2022-08-23",2021,"R","129 min","Thriller","A random thriller story about random title 15.
"
"s16","TV Show","Random Title 16","Robert Green","Chris Hemsworth & Scarlett Johansson","USA","2023-11-06",2021,"TV-PG","5 Seasons","Science Fiction","A random science fiction story about random title 16.
"
"s17","Movie","Random Title 17","Michael Lee","Chris Hemsworth & Brad Pitt","France","2022-01-27",2022,"PG","91 min","Thriller","A random thriller story about random title 17.
"
"s18","TV Show","Random Title 18","Michael Lee","Brad Pitt & Tom Hanks","USA","2021-03-06",2025,"PG","3 Seasons","Thriller","A random thriller story about random title 18.
"
"s19","TV Show","Random Title 19","Jane Smith","Scarlett Johansson & Tom Hanks","UK","2022-01-04",2024,"TV-14","2 Seasons","Science Fiction","A random science fiction story about random title 19.
"
"s20","Movie","Random Title 20","Jane Smith","Brad Pitt & Tom Hanks","France","2024-04-04",2021,"R","140 min","Action","A random action story about random title 20.
"
"s21","Movie","Random Title 21","Michael Lee","Angelina Jolie & Emily Blunt","UK","2022-02-13",2024,"PG","112 min","Action","A random action story about random title 21.
"
"s22","Movie","Random Title 22","Sarah Brown","Chris Hemsworth & Angelina Jolie","Canada","2023-04-21",2023,"PG","143 min","Science Fiction","A random science fiction story about random title 22.
"
"s23","Movie","Random Title 23","Jane Smith","Emily Blunt & Angelina Jolie","Canada","2023-07-22",2021,"TV-14","142 min","Action","A random action story about random title 23.
"
"s24","TV Show","Random Title 24","Jane Smith","Chris Hemsworth & Angelina Jolie","France","2021-07-05",2021,"TV-14","1 Seasons","Drama","A random drama story about random title 24.
"
"s25","Movie","Random Title 25","Robert Green","Chris Hemsworth & Tom Hanks","Canada","2023-01-10",2022,"PG-13","115 min","Fantasy","A random fantasy story about random title 25.
"
"s26","TV Show","Random Title 26","Robert Green","Brad Pitt & Tom Hanks","UK","2022-10-21",2022,"TV-14","1 Seasons","Thriller","A random thriller story about random title 26.
"
"s27","Movie","Random Title 27","Robert Green","Tom Hanks & Scarlett Johansson","Australia","2020-04-30",2021,"TV-PG","131 min","Action","A random action story about random title 27.
"
"s28","Movie","Random Title 28","John Doe","Brad Pitt & Chris Hemsworth","Australia","2023-04-02",2023,"TV-14","130 min","Fantasy","A random fantasy story about random title 28.
"
"s29","Movie","Random Title 29","John Doe","Tom Hanks & Brad Pitt","UK","2022-09-30",2024,"TV-14","110 min","Science Fiction","A random science fiction story about random title 29.
"
"s30","Movie","Random Title 30","Sarah Brown","Angelina Jolie & Scarlett Johansson","Australia","2020-07-21",2021,"PG","137 min","Drama","A random drama story about random title 30.
"
"s31","Movie","Random Title 31","John Doe","Tom Hanks & Emily Blunt","Canada","2022-01-08",2023,"TV-14","149 min","Thriller","A random thriller story about random title 31.
"
"s32","Movie","Random Title 32","Jane Smith","Tom Hanks & Scarlett Johansson","Canada","2020-10-09",2023,"PG-13","132 min","Science Fiction","A random science fiction story about random title 32.
"
"s33","TV Show","Random Title 33","Robert Green","Scarlett Johansson & Tom Hanks","Canada","2021-01-26",2024,"R","4 Seasons","Thriller","A random thriller story about random title 33.
"
"s34","Movie","Random Title 34","Robert Green","Scarlett Johansson & Emily Blunt","UK","2023-09-05",2024,"PG","114 min","Science Fiction","A random science fiction story about random title 34.
"
"s35","Movie","Random Title 35","Sarah Brown","Scarlett Johansson & Emily Blunt","Australia","2021-06-24",2023,"R","113 min","Fantasy","A random fantasy story about random title 35.
"
"s36","TV Show","Random Title 36","John Doe","Emily Blunt & Chris Hemsworth","USA","2021-07-12",2021,"TV-14","4 Seasons","Drama","A random drama story about random title 36.
"
"s37","TV Show","Random Title 37","Jane Smith","Tom Hanks & Emily Blunt","USA","2022-01-31",2021,"PG-13","5 Seasons","Fantasy","A random fantasy story about random title 37.
"
"s38","TV Show","Random Title 38","John Doe","Brad Pitt & Chris Hemsworth","Australia","2020-01-16",2023,"PG-13","2 Seasons","Thriller","A random thriller story about random title 38.
"
"s39","TV Show","Random Title 39","Sarah Brown","Emily Blunt & Angelina Jolie","USA","2020-05-04",2025,"R","3 Seasons","Action","A random action story about random title 39.
"
"s40","Movie","Random Title 40","Michael Lee","Angelina Jolie & Brad Pitt","Australia","2020-01-11",2025,"PG","96 min","Science Fiction","A random science fiction story about random title 40.
"
"s41","TV Show","Random Title 41","Jane Smith","Angelina Jolie & Tom Hanks","Australia","2024-01-11",2020,"TV-14","1 Seasons","Thriller","A random thriller story about random title 41.
"
"s42","TV Show","Random Title 42","Robert Green","Brad Pitt & Emily Blunt","UK","2022-12-27",2022,"PG","1 Seasons","Drama","A random drama story about random title 42.
"
"s43","TV Show","Random Title 43","Sarah Brown","Chris Hemsworth & Emily Blunt","France","2020-01-10",2025,"PG","3 Seasons","Science Fiction","A random science fiction story about random title 43.
"
"s44","Movie","Random Title 44","Michael Lee","Chris Hemsworth & Tom Hanks","UK","2024-04-10",2023,"TV-14","118 min","Thriller","A random thriller story about random title 44.
"
"s45","Movie","Random Title 45","Jane Smith","Emily Blunt & Brad Pitt","UK","2024-05-14",2020,"TV-PG","134 min","Drama","A random drama story about random title 45.
"
"s46","Movie","Random Title 46","Jane Smith","Emily Blunt & Chris Hemsworth","Canada","2024-03-27",2022,"PG","136 min","Fantasy","A random fantasy story about random title 46.
"
"s47","TV Show","Random Title 47","Michael Lee","Tom Hanks & Emily Blunt","UK","2024-05-03",2022,"TV-PG","1 Seasons","Fantasy","A random fantasy story about random title 47.
"
"s48","Movie","Random Title 48","Robert Green","Brad Pitt & Chris Hemsworth","Australia","2022-11-28",2020,"TV-PG","116 min","Drama","A random drama story about random title 48.
"
"s49","TV Show","Random Title 49","John Doe","Chris Hemsworth & Brad Pitt","UK","2020-02-27",2024,"R","4 Seasons","Thriller","A random thriller story about random title 49.
"
"s50","Movie","Random Title 50","Sarah Brown","Angelina Jolie & Emily Blunt","USA","2023-12-13",2024,"PG","116 min","Fantasy","A random fantasy story about random title 50.
"
"s51","Movie","Random Title 51","Sarah Brown","Scarlett Johansson & Angelina Jolie","USA","2023-10-03",2021,"TV-PG","137 min","Action","A random action story about random title 51.
"
"s52","Movie","Random Title 52","Jane Smith","Angelina Jolie & Brad Pitt","USA","2024-01-16",2025,"TV-14","139 min","Drama","A random drama story about random title 52.
"
"s53","TV Show","Random Title 53","Jane Smith","Angelina Jolie & Chris Hemsworth","France","2022-02-25",2023,"TV-14","3 Seasons","Action","A random action story about random title 53.
"
"s54","Movie","Random Title 54","Michael Lee","Brad Pitt & Emily Blunt","France","2023-10-31",2024,"PG-13","149 min","Action","A random action story about random title 54.
"
"s55","TV Show","Random Title 55","Sarah Brown","Chris Hemsworth & Brad Pitt","Canada","2023-09-15",2025,"TV-PG","3 Seasons","Fantasy","A random fantasy story about random title 55.
"
"s56","Movie","Random Title 56","John Doe","Angelina Jolie & Scarlett Johansson","France","2023-11-14",2022,"TV-PG","96 min","Thriller","A random thriller story about random title 56.
"
"s57","Movie","Random Title 57","John Doe","Chris Hemsworth & Scarlett Johansson","France","2023-03-15",2020,"TV-14","140 min","Thriller","A random thriller story about random title 57.
"
"s58","TV Show","Random Title 58","Robert Green","Scarlett Johansson & Angelina Jolie","Australia","2020-01-09",2020,"R","1 Seasons","Science Fiction","A random science fiction story about random title 58.
"
"s59","TV Show","Random Title 59","Sarah Brown","Brad Pitt & Chris Hemsworth","UK","2021-11-20",2025,"TV-14","3 Seasons","Drama","A random drama story about random title 59.
"
"s60","Movie","Random Title 60","John Doe","Angelina Jolie & Chris Hemsworth","France","2021-10-31",2021,"PG-13","138 min","Science Fiction","A random science fiction story about random title 60.
"
"s61","TV Show","Random Title 61","Jane Smith","Angelina Jolie & Brad Pitt","Canada","2020-08-09",2024,"TV-PG","4 Seasons","Science Fiction","A random science fiction story about random title 61.
"
"s62","TV Show","Random Title 62","Robert Green","Emily Blunt & Chris Hemsworth","UK","2024-02-08",2022,"TV-14","1 Seasons","Thriller","A random thriller story about random title 62.
"
"s63","Movie","Random Title 63","Jane Smith","Chris Hemsworth & Angelina Jolie","France","2021-10-12",2020,"TV-PG","90 min","Thriller","A random thriller story about random title 63.
"
"s64","TV Show","Random Title 64","Sarah Brown","Tom Hanks & Brad Pitt","France","2020-09-30",2021,"PG-13","1 Seasons","Action","A random action story about random title 64.
"
"s65","TV Show","Random Title 65","Sarah Brown","Brad Pitt & Angelina Jolie","USA","2024-02-13",2020,"TV-PG","2 Seasons","Fantasy","A random fantasy story about random title 65.
"
"s66","TV Show","Random Title 66","Jane Smith","Brad Pitt & Emily Blunt","USA","2022-07-23",2025,"R","4 Seasons","Fantasy","A random fantasy story about random title 66.
"
"s67","TV Show","Random Title 67","Sarah Brown","Chris Hemsworth & Emily Blunt","UK","2021-05-05",2025,"TV-14","4 Seasons","Thriller","A random thriller story about random title 67.
"
"s68","TV Show","Random Title 68","John Doe","Brad Pitt & Scarlett Johansson","Canada","2020-11-26",2020,"R","2 Seasons","Fantasy","A random fantasy story about random title 68.
"
"s69","Movie","Random Title 69","Robert Green","Emily Blunt & Brad Pitt","UK","2024-03-29",2023,"PG","132 min","Fantasy","A random fantasy story about random title 69.
"
"s70","TV Show","Random Title 70","Jane Smith","Tom Hanks & Angelina Jolie","UK","2020-08-18",2024,"TV-PG","5 Seasons","Thriller","A random thriller story about random title 70.
"
"s71","TV Show","Random Title 71","Michael Lee","Chris Hemsworth & Brad Pitt","Australia","2022-08-12",2022,"PG-13","2 Seasons","Action","A random action story about random title 71.
"
"s72","TV Show","Random Title 72","Robert Green","Scarlett Johansson & Angelina Jolie","France","2020-09-26",2025,"PG-13","3 Seasons","Science Fiction","A random science fiction story about random title 72.
"
"s73","Movie","Random Title 73","Sarah Brown","Brad Pitt & Angelina Jolie","Australia","2021-07-26",2023,"TV-PG","114 min","Action","A random action story about random title 73.
"
"s74","Movie","Random Title 74","Jane Smith","Angelina Jolie & Emily Blunt","France","2022-03-25",2021,"R","144 min","Science Fiction","A random science fiction story about random title 74.
"
"s75","TV Show","Random Title 75","Michael Lee","Scarlett Johansson & Angelina Jolie","UK","2021-04-06",2023,"PG-13","5 Seasons","Thriller","A random thriller story about random title 75.
"
"s76","Movie","Random Title 76","John Doe","Chris Hemsworth & Angelina Jolie","Canada","2023-08-08",2020,"PG-13","104 min","Fantasy","A random fantasy story about random title 76.
"
"s77","TV Show","Random Title 77","Michael Lee","Brad Pitt & Angelina Jolie","Canada","2023-01-31",2022,"TV-14","5 Seasons","Fantasy","A random fantasy story about random title 77.
"
"s78","TV Show","Random Title 78","Michael Lee","Brad Pitt & Angelina Jolie","USA","2022-07-17",2023,"R","4 Seasons","Fantasy","A random fantasy story about random title 78.
"
"s79","Movie","Random Title 79","Jane Smith","Brad Pitt & Chris Hemsworth","UK","2021-04-27",2025,"PG-13","112 min","Thriller","A random thriller story about random title 79.
"
"s80","TV Show","Random Title 80","John Doe","Brad Pitt & Angelina Jolie","France","2021-09-21",2022,"TV-PG","2 Seasons","Science Fiction","A random science fiction story about random title 80.
"
"s81","TV Show","Random Title 81","Jane Smith","Chris Hemsworth & Emily Blunt","UK","2021-10-13",2020,"R","4 Seasons","Action","A random action story about random title 81.
"
"s82","TV Show","Random Title 82","Jane Smith","Brad Pitt & Chris Hemsworth","France","2020-11-24",2022,"R","2 Seasons","Action","A random action story about random title 82.
"
"s83","Movie","Random Title 83","Jane Smith","Emily Blunt & Scarlett Johansson","Canada","2020-04-20",2020,"TV-14","95 min","Fantasy","A random fantasy story about random title 83.
"
"s84","Movie","Random Title 84","Jane Smith","Angelina Jolie & Brad Pitt","USA","2020-03-23",2024,"PG","121 min","Fantasy","A random fantasy story about random title 84.
"
"s85","Movie","Random Title 85","Jane Smith","Angelina Jolie & Chris Hemsworth","Canada","2020-08-11",2020,"PG-13","98 min","Action","A random action story about random title 85.
"
"s86","Movie","Random Title 86","Robert Green","Scarlett Johansson & Brad Pitt","Canada","2021-11-13",2023,"PG-13","143 min","Thriller","A random thriller story about random title 86.
"
"s87","TV Show","Random Title 87","Robert Green","Chris Hemsworth & Brad Pitt","Australia","2022-10-20",2025,"R","1 Seasons","Thriller","A random thriller story about random title 87.
"
"s88","TV Show","Random Title 88","Jane Smith","Angelina Jolie & Tom Hanks","Australia","2022-02-22",2023,"TV-14","1 Seasons","Science Fiction","A random science fiction story about random title 88.
"
"s89","Movie","Random Title 89","Sarah Brown","Chris Hemsworth & Scarlett Johansson","Australia","2023-05-08",2022,"R","135 min","Drama","A random drama story about random title 89.
"
"s90","TV Show","Random Title 90","Jane Smith","Tom Hanks & Emily Blunt","Canada","2021-03-05",2022,"PG-13","3 Seasons","Fantasy","A random fantasy story about random title 90.
"
"s91","TV Show","Random Title 91","John Doe","Emily Blunt & Tom Hanks","France","2022-12-09",2024,"TV-PG","4 Seasons","Fantasy","A random fantasy story about random title 91.
"
"s92","Movie","Random Title 92","John Doe","Chris Hemsworth & Emily Blunt","USA","2021-10-31",2020,"PG-13","126 min","Fantasy","A random fantasy story about random title 92.
"
"s93","Movie","Random Title 93","Robert Green","Tom Hanks & Scarlett Johansson","France","2022-06-05",2023,"R","130 min","Thriller","A random thriller story about random title 93.
"
"s94","TV Show","Random Title 94","Jane Smith","Angelina Jolie & Scarlett Johansson","Australia","2022-04-09",2020,"R","4 Seasons","Action","A random action story about random title 94.
"
"s95","Movie","Random Title 95","John Doe","Angelina Jolie & Emily Blunt","USA","2020-01-18",2023,"TV-14","94 min","Thriller","A random thriller story about random title 95.
"
"s96","Movie","Random Title 96","John Doe","Emily Blunt & Tom Hanks","Australia","2020-11-17",2023,"TV-14","113 min","Action","A random action story about random title 96.
"
"s97","Movie","Random Title 97","Jane Smith","Emily Blunt & Scarlett Johansson","UK","2022-01-03",2023,"PG","120 min","Science Fiction","A random science fiction story about random title 97.
"
"s98","TV Show","Random Title 98","Sarah Brown","Tom Hanks & Angelina Jolie","France","2022-03-27",2022,"PG-13","5 Seasons","Science Fiction","A random science fiction story about random title 98.
"
"s99","TV Show","Random Title 99","Jane Smith","Brad Pitt & Scarlett Johansson","Canada","2022-04-20",2025,"PG","2 Seasons","Fantasy","A random fantasy story about random title 99.
"
"s100","TV Show","Random Title 100","Jane Smith","Emily Blunt & Chris Hemsworth","Canada","2020-03-30",2023,"R","4 Seasons","Fantasy","A random fantasy story about random title 100.
"
